{
  "hash": "2670aaf7",
  "configHash": "cf43cddd",
  "lockfileHash": "0af8e377",
  "browserHash": "efe1ab25",
  "optimized": {
    "@angular/cdk/layout": {
      "src": "../../../../../node_modules/@angular/cdk/fesm2022/layout.mjs",
      "file": "@angular_cdk_layout.js",
      "fileHash": "006b842f",
      "needsInterop": false
    },
    "@angular/common": {
      "src": "../../../../../node_modules/@angular/common/fesm2022/common.mjs",
      "file": "@angular_common.js",
      "fileHash": "4e195046",
      "needsInterop": false
    },
    "@angular/common/http": {
      "src": "../../../../../node_modules/@angular/common/fesm2022/http.mjs",
      "file": "@angular_common_http.js",
      "fileHash": "2e0efa5c",
      "needsInterop": false
    },
    "@angular/core": {
      "src": "../../../../../node_modules/@angular/core/fesm2022/core.mjs",
      "file": "@angular_core.js",
      "fileHash": "e31b74ca",
      "needsInterop": false
    },
    "@angular/forms": {
      "src": "../../../../../node_modules/@angular/forms/fesm2022/forms.mjs",
      "file": "@angular_forms.js",
      "fileHash": "9db241c8",
      "needsInterop": false
    },
    "@angular/material/button": {
      "src": "../../../../../node_modules/@angular/material/fesm2022/button.mjs",
      "file": "@angular_material_button.js",
      "fileHash": "c7c1b6b7",
      "needsInterop": false
    },
    "@angular/material/core": {
      "src": "../../../../../node_modules/@angular/material/fesm2022/core.mjs",
      "file": "@angular_material_core.js",
      "fileHash": "7b5bdbfd",
      "needsInterop": false
    },
    "@angular/material/datepicker": {
      "src": "../../../../../node_modules/@angular/material/fesm2022/datepicker.mjs",
      "file": "@angular_material_datepicker.js",
      "fileHash": "fa4b21c0",
      "needsInterop": false
    },
    "@angular/material/form-field": {
      "src": "../../../../../node_modules/@angular/material/fesm2022/form-field.mjs",
      "file": "@angular_material_form-field.js",
      "fileHash": "617b8869",
      "needsInterop": false
    },
    "@angular/material/icon": {
      "src": "../../../../../node_modules/@angular/material/fesm2022/icon.mjs",
      "file": "@angular_material_icon.js",
      "fileHash": "723dad59",
      "needsInterop": false
    },
    "@angular/material/input": {
      "src": "../../../../../node_modules/@angular/material/fesm2022/input.mjs",
      "file": "@angular_material_input.js",
      "fileHash": "101b0305",
      "needsInterop": false
    },
    "@angular/material/list": {
      "src": "../../../../../node_modules/@angular/material/fesm2022/list.mjs",
      "file": "@angular_material_list.js",
      "fileHash": "1d35bb45",
      "needsInterop": false
    },
    "@angular/material/sidenav": {
      "src": "../../../../../node_modules/@angular/material/fesm2022/sidenav.mjs",
      "file": "@angular_material_sidenav.js",
      "fileHash": "f1f86a60",
      "needsInterop": false
    },
    "@angular/material/toolbar": {
      "src": "../../../../../node_modules/@angular/material/fesm2022/toolbar.mjs",
      "file": "@angular_material_toolbar.js",
      "fileHash": "aa9c30a4",
      "needsInterop": false
    },
    "@angular/platform-browser": {
      "src": "../../../../../node_modules/@angular/platform-browser/fesm2022/platform-browser.mjs",
      "file": "@angular_platform-browser.js",
      "fileHash": "8a73b951",
      "needsInterop": false
    },
    "@angular/platform-browser/animations": {
      "src": "../../../../../node_modules/@angular/platform-browser/fesm2022/animations.mjs",
      "file": "@angular_platform-browser_animations.js",
      "fileHash": "d5897e3b",
      "needsInterop": false
    },
    "@angular/platform-browser/animations/async": {
      "src": "../../../../../node_modules/@angular/platform-browser/fesm2022/animations/async.mjs",
      "file": "@angular_platform-browser_animations_async.js",
      "fileHash": "1b73ee5d",
      "needsInterop": false
    },
    "@angular/router": {
      "src": "../../../../../node_modules/@angular/router/fesm2022/router.mjs",
      "file": "@angular_router.js",
      "fileHash": "5c691018",
      "needsInterop": false
    },
    "ngx-toastr": {
      "src": "../../../../../node_modules/ngx-toastr/fesm2022/ngx-toastr.mjs",
      "file": "ngx-toastr.js",
      "fileHash": "0906b0bb",
      "needsInterop": false
    },
    "rxjs": {
      "src": "../../../../../node_modules/rxjs/dist/esm5/index.js",
      "file": "rxjs.js",
      "fileHash": "c06b9dc6",
      "needsInterop": false
    }
  },
  "chunks": {
    "browser-URYMSPWD": {
      "file": "browser-URYMSPWD.js"
    },
    "chunk-AXXNW3VT": {
      "file": "chunk-AXXNW3VT.js"
    },
    "chunk-3BFU6EOH": {
      "file": "chunk-3BFU6EOH.js"
    },
    "chunk-E56RXUF3": {
      "file": "chunk-E56RXUF3.js"
    },
    "chunk-5JWSNHKJ": {
      "file": "chunk-5JWSNHKJ.js"
    },
    "chunk-KO5OIIQ2": {
      "file": "chunk-KO5OIIQ2.js"
    },
    "chunk-YMIOXJAU": {
      "file": "chunk-YMIOXJAU.js"
    },
    "chunk-MFQ3XLYA": {
      "file": "chunk-MFQ3XLYA.js"
    },
    "chunk-DFW2ZNL7": {
      "file": "chunk-DFW2ZNL7.js"
    },
    "chunk-CC3NMCQN": {
      "file": "chunk-CC3NMCQN.js"
    },
    "chunk-KHEYWSLQ": {
      "file": "chunk-KHEYWSLQ.js"
    },
    "chunk-W3BLW2EL": {
      "file": "chunk-W3BLW2EL.js"
    },
    "chunk-JJXLXFG2": {
      "file": "chunk-JJXLXFG2.js"
    },
    "chunk-HFOQLTAW": {
      "file": "chunk-HFOQLTAW.js"
    },
    "chunk-4FFVUQGS": {
      "file": "chunk-4FFVUQGS.js"
    },
    "chunk-SXIXOCJ4": {
      "file": "chunk-SXIXOCJ4.js"
    }
  }
}